id,category,language,user_question,strong_answer,citations
QA-001,Local demand discovery,English,I want to open a small karak and snacks kiosk near Al Qua'a. How can I check if people actually want it?,"Start with a one-week demand test before renting anything. Ask 30 nearby residents, farm workers, and weekend visitors when they pass the area, what they currently buy, and how much they would pay for karak and snacks. Also run a simple WhatsApp pre-order form for Thursday to Saturday evenings. Continue only if you get at least 20 serious responses or 10 paid pre-orders.",https://census.scad.gov.ae/ | https://bayanat.ae/
QA-002,Local demand discovery,English,"I have 5,000 AED and want to sell something useful to camel farm owners. What should I research first?","Research repeat purchases, not one-time items. Interview 10 camel farm owners or workers and ask what they buy every week, what is hard to get quickly, and what delivery problem annoys them most. Good first categories to test are feed delivery coordination, water or ice, basic tools, and simple animal-care support. Choose the item with the clearest repeated need and easiest delivery route.",https://www.adafsa.gov.ae/en/Pages/default.aspx | https://www.tamm.abudhabi/en
QA-003,Local demand discovery,English,People say tourists come to Al Qua'a for stargazing. How do I check if they would buy food or camping supplies from me?,"Check demand on actual stargazing nights, not normal weekdays. Track visitor activity for two weekends, join relevant online groups, and offer a small pre-order bundle with water, snacks, mats, and trash bags. The key metric is paid orders per event night, not likes or comments. If at least 10 groups pre-order in one weekend, the idea is worth a larger pilot.",https://dubaiastronomy.com/event/milky-way-stargazing/ | https://apnews.com/article/ee678e1b535df81edc96f5140ad5e998
QA-004,Local demand discovery,English,I want to sell fresh juices to families in Al Qua'a. Who should I ask first?,"Start with the groups most likely to buy repeatedly: families, school or community event organizers, farm workers, and weekend visitors. Ask whether they prefer delivery, pickup, or event orders. Do not start with a full menu; test 3 flavors, 2 sizes, and one price point for one weekend. Before selling regularly, check the food safety and licensing requirements.",https://u.ae/en/information-and-services/health-and-fitness/food-safety-and-health-tips | https://www.adafsa.gov.ae/en/work/food-safety/Pages/default.aspx
QA-005,Local demand discovery,English,I want to offer a local delivery service for groceries and farm supplies. What data should I collect?,"Collect four simple data points for each request: pickup location, delivery location, delivery time, and item category. After 30 requests, map the most common route and calculate whether delivery fees cover fuel and time. If most orders are small and spread out, use grouped delivery windows instead of instant delivery.",https://data.abudhabi/opendata/ | https://bayanat.ae/
QA-006,Local demand discovery,English,I’m thinking of selling camel milk desserts. How do I know if locals or tourists are the better target audience?,"Test locals and tourists separately. For locals, use WhatsApp pre-orders and family tasting feedback. For tourists, test small dessert cups during stargazing or camping weekends. Track purchase rate, repeat interest, and price acceptance for each group. Do not assume tourists will buy more; compare actual paid orders.",https://www.mediaoffice.abudhabi/en/economy/codex-alimentarius-commission-approves-uae-led-initiative-to-develop-1st-international-standard-for-pasteurised-camel-milk/ | https://dubaiastronomy.com/event/milky-way-stargazing/
QA-007,Local demand discovery,English,I sell dates from my farm. How can I find out if packaging them as gifts is worth it?,"Run a small A/B test. Sell normal dates and gift-pack dates side by side for two weekends. Ask buyers whether they are buying for home use, guests, or gifting. Gift packaging is worth continuing only if the higher price covers packaging cost and at least 30% of buyers choose the gift option.",https://dct.gov.ae/en/what.we.do/culture/tangible.intangible.heritage/al.ain.oasis.aspx | https://visitabudhabi.ae/en/things-to-do/nature-and-wildlife/natural-wonders/al-ain-oasis
QA-008,Local demand discovery,English,I want to open a small mobile car wash. Is there likely demand in a rural area?,"It could work if customers value convenience more than low price. Ask 30 car owners, farm owners, and workers how often they wash cars, where they do it now, and whether they would pay extra for on-location service. Test with 10 bookings before buying expensive equipment.",https://census.scad.gov.ae/ | https://bayanat.ae/
QA-009,Local demand discovery,English,I want to make a survey for Al Qua'a residents about what shops they need. What should I ask?,"Keep it short. Ask: What do you currently travel outside Al Qua'a to buy? How often? How much do you spend per visit? What is most inconvenient? Would you buy locally if the price was 5 to 10% higher? Add age group and area, but avoid collecting unnecessary personal data.",https://u.ae/en/about-the-uae/digital-uae/data/open-government-data | https://bayanat.ae/
QA-010,Local demand discovery,English,"I asked 20 people what service they need most: 8 said grocery delivery, 5 said car repair, 4 said animal feed delivery, and 3 said laundry. What should I do?","Grocery delivery is the first idea to test because it has the highest count, but 8 out of 20 is not enough to launch fully. Run a one-week pilot with a WhatsApp order form and fixed delivery times. Your success metric should be at least 15 paid orders or 5 repeat customers in the first week.",https://bayanat.ae/ | https://u.ae/en/about-the-uae/digital-uae/data/open-government-data
QA-011,Local demand discovery,Arabic (UAE),أبغي أفتح مشروع توصيل طلبات بسيط في القوع. كيف أعرف إذا الناس فعلاً محتاجينه؟,"أبدأ بتجربة بسيطة لمدة أسبوع. سوِّ فورم على واتساب أو Google Forms واسأل الناس: شو أكثر شيء يطلبونه الناس من برّا المنطقة؟ كم مرة بالأسبوع؟ وكم مستعدين يدفعون للتوصيل؟ إذا جمعت 15 طلبًا مدفوعًا أو 5 عملاء كرروا الطلب، فغالبًا الفكرة تستحق تكمل فيها.",https://bayanat.ae/ | https://data.abudhabi/opendata/
QA-012,Local demand discovery,Arabic (UAE),عندي فكرة أبيع ماي وثلج حق المخيمات. كيف أعرف الموسم المناسب؟,"جرّبها في الويكندات وأيام فعاليات النجوم، خصوصاً لما يكون في نشاط تخييم أو رصد فلكي. لا تشتري كمية كبيرة من البداية؛ اعرض باقات صغيرة بالطلب المسبق وشوف كم شخص يدفع قبل ما تروح للموقع.",https://dubaiastronomy.com/event/milky-way-stargazing/ | https://www.ncm.gov.ae/?lang=en
QA-013,Local demand discovery,English,I want to know if women in the community would buy home-baked goods. What is the simplest test?,"Offer a small pre-order menu to a trusted women or family WhatsApp group for one weekend. Test only 3 items, fixed pickup or delivery times, and clear prices. Measure paid orders, repeat interest, and which item sells fastest. Before selling regularly, check licensing and food safety requirements.",https://www.tamm.abudhabi/en/life-events/business/Start-a-Business/economic-licence/RequestforIssuingEconomicLicenceAbuDhabiTrader | https://u.ae/en/information-and-services/health-and-fitness/food-safety-and-health-tips
QA-014,Local demand discovery,English,I’m considering a farm visitor experience for families. What demand signals should I look for?,"Look for willingness to pay, not just compliments. Test a 90-minute farm visit for 5 to 10 families with a clear price, safety rules, parking plan, and booking form. If families ask for repeat visits or refer others, that is stronger evidence than social media interest.",https://visitabudhabi.ae/en/things-to-do/nature-and-wildlife/natural-wonders/al-ain-oasis | https://dct.gov.ae/en/what.we.do/culture/tangible.intangible.heritage/al.ain.oasis.aspx
QA-015,Local demand discovery,English,I want to sell school lunch boxes in a rural community. What data should I collect before starting?,"Ask parents about current lunch habits, allergies, budget per day, delivery or pickup preference, and whether they need Arabic or English menus. Test for one school week with 10 families before buying equipment. Because this involves food for children, licensing and food safety checks are essential.",https://u.ae/en/information-and-services/health-and-fitness/food-safety-and-health-tips | https://www.adafsa.gov.ae/en/work/food-safety/Pages/default.aspx
QA-016,Business idea validation,English,Which is a better first business: camel feed delivery or a stargazing café?,"Camel feed delivery is likely easier to validate because it targets repeat local customers with a clear operational need. A stargazing café may have higher visibility but depends on events, seasonality, permits, and visitor flow. Test feed delivery first with 10 farms and test the café idea later as a pop-up during stargazing nights.",https://www.adafsa.gov.ae/en/Pages/default.aspx | https://dubaiastronomy.com/event/milky-way-stargazing/
QA-017,Business idea validation,English,I want to build an app for all local shops in Al Qua'a. Is that too big for a first version?,"Yes, it is too broad for a first version. Start with one use case: a WhatsApp-based local demand board where residents request items and shops respond. If 5 shops and 50 residents use it for two weeks, then build a proper app. The first goal is proof of repeated use, not a polished product.",https://u.ae/en/about-the-uae/economy/digital-economy | https://u.ae/en/about-the-uae/strategies-initiatives-and-awards/strategies-plans-and-visions/government-services-and-digital-transformation/uae-national-digital-government-strategy
QA-018,Business idea validation,English,I want to start a guided stargazing tour in Al Qua'a. What is the smallest test?,"Run one paid pilot night with a limited group, clear safety instructions, parking location, water, and basic telescope or binocular support. Measure paid bookings, no-shows, customer feedback, and whether people would recommend it. Do not buy expensive equipment until you have repeated paid demand.",https://dubaiastronomy.com/event/milky-way-stargazing/ | https://www.dmt.gov.ae/-/media/Project/DMT/DMT/E-Library/05-23/Abu-Dhabi-Dark-Sky-Policy_Version-10.pdf
QA-019,Business idea validation,English,I want to sell farm-fresh eggs and vegetables through WhatsApp. What should my first 2-week plan be?,"Week 1: collect interest from nearby families and list available products with prices. Week 2: take paid pre-orders for two delivery days. Track number of buyers, average order value, unsold stock, and repeat orders. If spoilage is high, reduce variety and focus on best sellers.",https://www.adafsa.gov.ae/en/Pages/default.aspx | https://u.ae/en/information-and-services/health-and-fitness/food-safety-and-health-tips
QA-020,Business idea validation,English,I want to make a desert picnic box for tourists going to Al Qua'a. Is it a good idea?,"It is promising but should be tested as a pre-order product, not a full shop. Target stargazing visitors and campers with 2 or 3 bundle options: basic snacks, family box, and premium local box. Validate with paid orders on event nights and ask customers what they wished was included.",https://dubaiastronomy.com/event/milky-way-stargazing/ | https://apnews.com/article/ee678e1b535df81edc96f5140ad5e998
QA-021,Business idea validation,English,I want to offer a small repair service for farm equipment. How do I validate it?,"Interview 10 farm owners or workers and ask what breaks most often, how long repairs currently take, and what they pay. Then offer one repair category first, such as pumps, small tools, or basic vehicle support. Validate with 5 paid jobs before expanding.",https://www.adafsa.gov.ae/en/Pages/default.aspx | https://bayanat.ae/
QA-022,Business idea validation,English,I want to create a local market research chatbot for small businesses. How can I prove it has value?,"Pick 10 entrepreneurs and give them the chatbot for one business question each. Measure whether it produces a clear target audience, feasibility check, and next test plan. Your strongest proof is before and after: before, they had a vague idea; after, they had a survey, target segment, and pilot metric.",https://www.moet.gov.ae/en/uae-business-ecosystem | https://u.ae/en/information-and-services/business/small-and-medium-enterprises
QA-023,Business idea validation,English,Is a mobile laundry pickup service worth trying in Al Qua'a?,It may work if distance to existing laundry options is inconvenient. Test with a fixed pickup and drop-off schedule twice per week instead of daily service. Ask 30 households about current laundry habits and run a pilot with 10 paid customers. Continue only if customers repeat.,https://census.scad.gov.ae/ | https://bayanat.ae/
QA-024,Business idea validation,English,I want to sell Arabic coffee and dates at community events. What should I test first?,"Test event-based sales before opening a permanent setup. For three events, track cups sold, peak time, average spend, and leftover stock. Also test whether customers prefer single cups, family trays, or gift packs. Continue with the format that gives the best margin and least waste.",https://dct.gov.ae/en/what.we.do/culture/tangible.intangible.heritage/al.ain.oasis.aspx | https://u.ae/en/information-and-services/business/small-and-medium-enterprises
QA-025,Business idea validation,English,Should I build a website first or start selling through WhatsApp and Instagram?,"Start with WhatsApp, Instagram, and a simple order form. A website is useful later, but your first goal is to prove demand with paid orders. Build the website only after you know your best product, target customer, and delivery process.",https://u.ae/en/about-the-uae/economy/digital-economy | https://datareportal.com/reports/digital-2026-united-arab-emirates
QA-026,Business idea validation,Arabic (UAE),أبغي أفتح كشك قهوة قريب من مكان تجمع الشباب. أبدأ على طول؟,"لا تبدأ بإيجار وتجهيزات من أول يوم. سوِّ تجربة بوب-أب يومين أو ثلاثة، وبيع قهوة وكرَك بكميات محدودة. احسب كم كوب انباع، أي وقت كان أكثر طلب، وهل الناس رجعوا مرة ثانية. إذا الطلب ثابت، بعدها فكّر في رخصة ومكان دائم.",https://www.tamm.abudhabi/en/life-events/business/Start-a-Business/economic-licence/RequestforIssuingEconomicLicenceAbuDhabiTrader | https://www.added.gov.ae/en/set-up/establish-your-business/licensing-requirements
QA-027,Business idea validation,Arabic (UAE),عندي فكرة أسوي باقات حق رحلات النجوم في القوع. شو أول خطوة؟,"أول خطوة سوِّ باقة بسيطة بالطلب المسبق: ماي، سناكات، فرشة خفيفة، وأكياس نفايات. جرّبها في ليلة فعالية أو ويكند، وخذ الدفع قبل التجهيز. إذا ما في طلبات مدفوعة، لا توسّع البضاعة.",https://dubaiastronomy.com/event/milky-way-stargazing/ | https://apnews.com/article/ee678e1b535df81edc96f5140ad5e998
QA-028,Business idea validation,Arabic (UAE),أبغي أبيع أكلات بيتية. كيف أعرف السعر المناسب؟,"جرّب سعرين فقط لنفس المنتج، مثلاً 15 و20 درهم، وشوف الفرق في الطلب والربح. لا تختار السعر من إحساسك؛ احسب تكلفة المكونات، التغليف، التوصيل، والوقت. ولازم تتأكد من متطلبات الترخيص وسلامة الغذاء قبل البيع بشكل منتظم.",https://u.ae/en/information-and-services/health-and-fitness/food-safety-and-health-tips | https://www.adafsa.gov.ae/en/work/food-safety/Pages/default.aspx
QA-029,Business idea validation,English,I want to rent camping gear to visitors. What would make this idea fail?,"The main risks are low repeat demand, damaged equipment, cleaning effort, and customers arriving at irregular times. Start with only 5 to 10 kits and require a deposit or booking record. Validate by tracking utilization rate. If each kit is rented at least 3 to 4 times per month, expansion may be worth it.",https://dubaiastronomy.com/event/milky-way-stargazing/ | https://www.ncm.gov.ae/?lang=en
QA-030,Business idea validation,English,I want to launch a local what should I sell dashboard for entrepreneurs. What is the simplest useful version?,"Build a simple dashboard with three inputs: community requests, business category, and number of people interested. Show top requested products or services and a confidence level based on sample size. Do not overcomplicate it with AI first; the useful part is turning scattered local requests into a ranked list.",https://bayanat.ae/ | https://data.abudhabi/opendata/
QA-031,Competition and online research,English,How can I check if there are already businesses offering stargazing tours in Al Qua'a?,"Search Google Maps, Instagram, TikTok, tourism sites, and event pages for Al Qua'a stargazing, Milky Way Al Quaa, and Arabic terms like القوع درب التبانة. Record provider name, price, what is included, pickup options, and customer complaints. Then choose a gap, such as food bundles, Arabic family tours, or transport coordination.",https://dubaiastronomy.com/event/milky-way-stargazing/ | https://www.milkywayabudhabi.com/
QA-032,Competition and online research,English,I want to sell food near stargazing visitors. What competitor data should I collect online?,"Collect competitor menu, price, delivery area, opening hours, reviews, and whether they serve late-night desert visitors. The opportunity may not be cheaper food; it may be timing, delivery to meeting points, or pre-order convenience. Confirm online findings with one or two paid test nights.",https://dubaiastronomy.com/event/milky-way-stargazing/ | https://www.milkywayabudhabi.com/
QA-033,Competition and online research,English,I want to open a small convenience shop. How can I use the internet to check competition?,"Search Google Maps and local directories for groceries, cafeterias, petrol stations, and supply shops within the practical driving radius. Make a table with distance, hours, product gaps, and review complaints. Then interview locals to confirm whether those gaps are real.",https://data.abudhabi/opendata/ | https://bayanat.ae/
QA-034,Competition and online research,English,I want to know if a delivery app is needed or if WhatsApp is enough. How should I compare?,"Compare current behavior first. Ask shops and customers how orders are placed now, then test WhatsApp ordering for two weeks. Build an app only if WhatsApp becomes hard to manage, such as many missed orders, repeated questions, or more than 50 orders per week.",https://u.ae/en/about-the-uae/economy/digital-economy | https://datareportal.com/reports/digital-2026-united-arab-emirates
QA-035,Competition and online research,English,What online sources should my market research agent use for Abu Dhabi small business questions?,"Use official sources first: TAMM for Abu Dhabi services, ADDED or ADRA for licensing, UAE Government and Ministry of Economy for SME support, Bayanat and Abu Dhabi Open Data for datasets. Use social media and Google reviews for demand signals, but treat them as weaker evidence than official data or paid customer tests.",https://www.tamm.abudhabi/en | https://www.added.gov.ae/en/set-up/establish-your-business/licensing-requirements | https://bayanat.ae/ | https://data.abudhabi/opendata/
QA-036,Competition and online research,English,I searched online and found two stargazing tours charging around 150 to 200 AED. Should I charge less?,"Do not compete only on lower price. Compare what is included: guide, telescope, transport, food, language, family privacy, and timing. You can charge similar or higher if you offer a clearer niche, such as Arabic family-friendly sessions or picnic bundles. Test with one paid pilot before setting the final price.",https://dubaiastronomy.com/event/milky-way-stargazing/ | https://www.milkywayabudhabi.com/
QA-037,Competition and online research,English,I want to sell camel milk products online. What should I check before starting?,"Check three things: food safety rules, whether your activity is allowed under the right license, and whether similar products already exist online. Then test with a small legal product range and paid pre-orders. Avoid health claims unless they are officially supported.",https://u.ae/en/information-and-services/health-and-fitness/food-safety-and-health-tips | https://www.mediaoffice.abudhabi/en/economy/codex-alimentarius-commission-approves-uae-led-initiative-to-develop-1st-international-standard-for-pasteurised-camel-milk/
QA-038,Competition and online research,Arabic (UAE),كيف أقارن مشروعي مع المنافسين بدون ما أدفع فلوس؟,"سوِّ جدول بسيط من Google Maps وإنستغرام: اسم المنافس، السعر، الموقع، ساعات العمل، التقييمات، وشو الناس تشتكي منه. بعدها اسأل 10 زباين محليين إذا هالمشكلة فعلاً تهمهم. لا تعتمد على الإنترنت بروحه؛ خله بداية للبحث.",https://bayanat.ae/ | https://data.abudhabi/opendata/
QA-039,Competition and online research,Arabic (UAE),حصلت حسابات تبيع بوكسات مخيمات في الإمارات. كيف أعرف إذا أقدر أنافس؟,"قارن السعر والمحتويات والتوصيل والتغليف. بعدين سوِّ باقة مختلفة للقوع بالذات، مثل بوكس رصد النجوم مع ماي وسناكات وأكياس نفايات وتعليمات موقع. اختبرها بطلبات مدفوعة في ويكند واحد قبل ما تشتري مخزون كبير.",https://dubaiastronomy.com/event/milky-way-stargazing/ | https://www.milkywayabudhabi.com/
QA-040,Competition and online research,English,My competitor has more Instagram followers. Does that mean their business is stronger?,"Not necessarily. Followers are a weak signal unless they convert into bookings or repeat purchases. Compare stronger signals: number of reviews, recent customer comments, sold-out events, response time, and whether customers complain about gaps you can solve.",https://u.ae/en/about-the-uae/economy/digital-economy | https://datareportal.com/reports/digital-2026-united-arab-emirates
QA-041,Rural feasibility and constraints,English,I want to deliver fresh food in Al Qua'a. What feasibility issues should I consider?,"Check food safety, temperature control, delivery distance, packaging cost, and fixed delivery windows. In a rural area, grouped delivery times are usually safer than instant delivery. Start with products that survive travel well before offering fragile or temperature-sensitive items.",https://u.ae/en/information-and-services/health-and-fitness/food-safety-and-health-tips | https://www.adafsa.gov.ae/en/work/food-safety/Pages/default.aspx
QA-042,Rural feasibility and constraints,English,"I want to open a permanent shop, but I’m not sure demand is enough. What should I do first?","Do not start with a permanent shop. Try a pop-up, home-based operation, or delivery-only model for 4 weeks. If you can show repeat customers, stable margins, and predictable demand, then consider licensing and location. A low-cost pilot reduces the risk of paying rent before demand is proven.",https://www.tamm.abudhabi/en/life-events/business/Start-a-Business/economic-licence/RequestforIssuingEconomicLicenceAbuDhabiTrader | https://www.added.gov.ae/en/set-up/establish-your-business/licensing-requirements
QA-043,Rural feasibility and constraints,English,How can I make my business idea work with low internet or older customers?,"Use both digital and non-digital channels: WhatsApp for younger customers, phone calls for older customers, and printed QR or order cards at local shops or farms. Keep ordering simple: product, quantity, location, and preferred time. Do not force everyone into an app.",https://u.ae/en/about-the-uae/strategies-initiatives-and-awards/strategies-plans-and-visions/government-services-and-digital-transformation/uae-national-digital-government-strategy | https://u.ae/en/about-the-uae/economy/digital-economy
QA-044,Rural feasibility and constraints,English,I want to serve tourists at night in the desert. What safety and operations issues matter?,"Plan for navigation, parking, lighting that does not spoil stargazing, water, waste collection, emergency contact, and clear meeting points. Also consider that desert demand is seasonal and event-driven, so do not rely on daily sales.",https://www.dmt.gov.ae/-/media/Project/DMT/DMT/E-Library/05-23/Abu-Dhabi-Dark-Sky-Policy_Version-10.pdf | https://dubaiastronomy.com/event/milky-way-stargazing/
QA-045,Rural feasibility and constraints,English,I want to sell chilled drinks in summer. Is that feasible?,"It can work, but heat makes cold-chain and stock planning important. Start with small quantities, insulated boxes, and pre-orders so you do not waste inventory. Track how long products stay cold, how many sell per hour, and whether margins cover ice, transport, and spoilage.",https://www.ncm.gov.ae/?lang=en | https://mobile.ncm.gov.ae/pages/climate-reports?lang=en
QA-046,Rural feasibility and constraints,English,I want to hire drivers for delivery. Is that the best first step?,"Not at the beginning. First prove demand with the owner or one part-time driver using fixed delivery windows. Hire only when order volume is consistent enough to cover wages, fuel, vehicle maintenance, and idle time. Early fixed costs can make a rural service unprofitable even when people like the idea.",https://www.added.gov.ae/en/set-up/establish-your-business/licensing-requirements | https://u.ae/en/information-and-services/business/small-and-medium-enterprises
QA-047,Rural feasibility and constraints,English,What is a realistic go-to-market strategy for a small rural service?,"Start with trust channels: local WhatsApp groups, family networks, farms, community events, and shop posters. Offer one clear service, collect phone numbers, and ask every customer for one referral. In rural markets, trust and reliability may matter more than broad advertising.",https://u.ae/en/information-and-services/business/small-and-medium-enterprises | https://www.moet.gov.ae/en/uae-business-ecosystem
QA-048,Rural feasibility and constraints,Arabic (UAE),"إذا بسوي خدمة توصيل في منطقة بعيدة، شو أكبر مخاطرة؟","أكبر مخاطرة إن التوصيل ياخذ وقت وبنزين أكثر من الربح. لا تسوي توصيل فوري من البداية؛ حط وقتين ثابتين في اليوم أو أيام محددة. احسب تكلفة البنزين والوقت لكل طلب، وإذا الطلبات متفرقة وايد، اجمعها في مسار واحد.",https://data.abudhabi/opendata/ | https://bayanat.ae/
QA-049,Rural feasibility and constraints,Arabic (UAE),"أبغي أفتح مشروع أكل، بس أخاف من الرخص والتفتيش. شو أسوي؟","ابدأ بفهم النشاط بالضبط: هل هو طبخ منزلي، تجهيز، توصيل، أو بيع في فعالية؟ بعدها شيّك متطلبات الرخصة وسلامة الغذاء قبل البيع المستمر. للتجربة، خلك على عدد طلبات محدود واشتغل بطريقة قانونية ونظيفة من البداية.",https://u.ae/en/information-and-services/health-and-fitness/food-safety-and-health-tips | https://www.tamm.abudhabi/en/life-events/business/Start-a-Business/economic-licence/RequestforIssuingEconomicLicenceAbuDhabiTrader
QA-050,Rural feasibility and constraints,Arabic (UAE),كيف أخلي مشروعي قابل للتوسع من القوع لمناطق ثانية؟,"خله بسيط وقابل للتكرار: نفس نموذج الطلب، نفس طريقة جمع البيانات، ونفس مؤشرات النجاح. جرّب في القوع أولاً، وبعدها انسخ التجربة في قرية ثانية مع تعديل المنتجات حسب احتياج أهلها. لا تقول ينجح في كل مكان إلا إذا عندك بيانات من أكثر من منطقة.",https://bayanat.ae/ | https://u.ae/en/about-the-uae/digital-uae/data/open-government-data